Name,Affiliation,Email,Expertise,No COI Statement
[Add Reviewer 1],University/Company,[email]@[domain],IoT/RTOS/WoT TDs,No conflict of interest with authors
[Add Reviewer 2],University/Company,[email]@[domain],Programming Languages/DSLs,No conflict of interest with authors
[Add Reviewer 3],University/Company,[email]@[domain],Cyber-Physical Systems/Embedded,No conflict of interest with authors
[Add Reviewer 4],University/Company,[email]@[domain],Deterministic Systems/Verification,No conflict of interest with authors
[Add Reviewer 5],University/Company,[email]@[domain],Edge Computing/IoT Standards,No conflict of interest with authors