{
  "content": {
    "modulesContent": {
      "$edgeAgent": {
        "properties.desired": {
          "schemaVersion": "1.1",
          "runtime": {
            "type": "docker",
            "settings": {
              "minDockerVersion": "v1.25"
            }
          },
          "modules": {
            "Boiler-A_edge": {
              "version": "1.0",
              "type": "docker",
              "status": "running",
              "restartPolicy": "always",
              "settings": {
                "image": "ghcr.io/yourorg/hlx-edge:latest",
                "createOptions": "{}"
              }
            }
          }
        }
      },
      "$edgeHub": {
        "properties.desired": {
          "schemaVersion": "1.2",
          "routes": {
            "route1": "FROM /messages/* INTO $upstream"
          },
          "storeAndForwardConfiguration": {
            "timeToLiveSecs": 7200
          }
        }
      }
    }
  }
}