{"device": "Room-312", "endpoint": "mqtt://hospital/room312", "sensor": "co2_ppm", "period_ms": 500, "policy": {"metric": "co2_ppm", "comparator": ">", "threshold": 1200.0, "duration_ms": 1000, "hysteresis_pct": 5.0, "cooldown_ms": 5000}, "samples": [{"t_ms": 0, "value": 148.3473509425959, "consecutive": 0}, {"t_ms": 500, "value": 151.25725951822338, "consecutive": 0}, {"t_ms": 1000, "value": 151.74423315568686, "consecutive": 0}, {"t_ms": 1500, "value": 149.89373131189518, "consecutive": 0}, {"t_ms": 2000, "value": 148.56806917265595, "consecutive": 0}, {"t_ms": 2500, "value": 151.86540730554665, "consecutive": 0}, {"t_ms": 3000, "value": 151.94133105255932, "consecutive": 0}, {"t_ms": 3500, "value": 150.08983768805152, "consecutive": 0}, {"t_ms": 4000, "value": 149.74536566920904, "consecutive": 0}, {"t_ms": 4500, "value": 150.49969265007223, "consecutive": 0}, {"t_ms": 5000, "value": 1205.0, "consecutive": 1}, {"t_ms": 5500, "value": 1205.0, "consecutive": 2}], "trigger": {"t_ms": 5500, "actions": ["open vent_damper", "publish event \"co2_alert\" with timestamp and value", "store last 60000 ms of co2_ppm to table \"air_quality\""]}}
