{"device": "HVAC-Unit-42", "endpoint": "mqtt://building/A3/HVAC42", "sensor": "temp", "period_ms": 1000, "policy": {"metric": "temp", "comparator": "<", "threshold": 21.5, "duration_ms": 2000, "hysteresis_pct": 5.0, "cooldown_ms": 5000}, "samples": [{"t_ms": 0, "value": 148.68399237109668, "consecutive": 0}, {"t_ms": 1000, "value": 148.1407683407972, "consecutive": 0}, {"t_ms": 2000, "value": 149.99462371401088, "consecutive": 0}, {"t_ms": 3000, "value": 151.10981600495515, "consecutive": 0}, {"t_ms": 4000, "value": 149.49004965903, "consecutive": 0}, {"t_ms": 5000, "value": 148.3100337517546, "consecutive": 0}, {"t_ms": 6000, "value": 150.39225660586996, "consecutive": 0}, {"t_ms": 7000, "value": 150.91021537867908, "consecutive": 0}, {"t_ms": 8000, "value": 151.17519716396566, "consecutive": 0}, {"t_ms": 9000, "value": 149.60781756137877, "consecutive": 0}, {"t_ms": 10000, "value": 185.0, "consecutive": 0}, {"t_ms": 11000, "value": 185.0, "consecutive": 0}, {"t_ms": 12000, "value": 185.0, "consecutive": 0}, {"t_ms": 13000, "value": 185.0, "consecutive": 0}, {"t_ms": 14000, "value": 185.0, "consecutive": 0}, {"t_ms": 15000, "value": 185.0, "consecutive": 0}, {"t_ms": 16000, "value": 185.0, "consecutive": 0}, {"t_ms": 17000, "value": 185.0, "consecutive": 0}, {"t_ms": 18000, "value": 185.0, "consecutive": 0}, {"t_ms": 19000, "value": 185.0, "consecutive": 0}, {"t_ms": 20000, "value": 185.0, "consecutive": 0}, {"t_ms": 21000, "value": 185.0, "consecutive": 0}, {"t_ms": 22000, "value": 185.0, "consecutive": 0}, {"t_ms": 23000, "value": 185.0, "consecutive": 0}, {"t_ms": 24000, "value": 185.0, "consecutive": 0}, {"t_ms": 25000, "value": 185.0, "consecutive": 0}, {"t_ms": 26000, "value": 185.0, "consecutive": 0}, {"t_ms": 27000, "value": 185.0, "consecutive": 0}, {"t_ms": 28000, "value": 185.0, "consecutive": 0}, {"t_ms": 29000, "value": 185.0, "consecutive": 0}, {"t_ms": 30000, "value": 185.0, "consecutive": 0}, {"t_ms": 31000, "value": 185.0, "consecutive": 0}, {"t_ms": 32000, "value": 185.0, "consecutive": 0}, {"t_ms": 33000, "value": 185.0, "consecutive": 0}, {"t_ms": 34000, "value": 185.0, "consecutive": 0}, {"t_ms": 35000, "value": 185.0, "consecutive": 0}, {"t_ms": 36000, "value": 185.0, "consecutive": 0}, {"t_ms": 37000, "value": 185.0, "consecutive": 0}, {"t_ms": 38000, "value": 185.0, "consecutive": 0}, {"t_ms": 39000, "value": 185.0, "consecutive": 0}, {"t_ms": 40000, "value": 185.0, "consecutive": 0}, {"t_ms": 41000, "value": 185.0, "consecutive": 0}, {"t_ms": 42000, "value": 185.0, "consecutive": 0}, {"t_ms": 43000, "value": 185.0, "consecutive": 0}, {"t_ms": 44000, "value": 185.0, "consecutive": 0}, {"t_ms": 45000, "value": 185.0, "consecutive": 0}, {"t_ms": 46000, "value": 185.0, "consecutive": 0}, {"t_ms": 47000, "value": 185.0, "consecutive": 0}, {"t_ms": 48000, "value": 185.0, "consecutive": 0}, {"t_ms": 49000, "value": 185.0, "consecutive": 0}], "trigger": null}
