{"device": "Pipe-12", "endpoint": "mqtt://field/pipe12", "sensor": "pressure", "period_ms": 200, "policy": {"metric": "pressure - pressure_downstream", "comparator": ">", "threshold": 50.0, "duration_ms": 600, "hysteresis_pct": 0.0, "cooldown_ms": 0}, "samples": [{"t_ms": 0, "value": 148.3231675705161, "consecutive": 1}, {"t_ms": 200, "value": 149.07934717734548, "consecutive": 2}, {"t_ms": 400, "value": 148.39314697768668, "consecutive": 3}], "trigger": {"t_ms": 400, "actions": ["close main_valve", "publish event \"possible_leak\"", "store last 10000 ms of pressure, pressure_downstream to table \"leaks\""]}}
