{"device": "Tank-7", "endpoint": "mqtt://plant/water/T7", "sensor": "flow_in", "period_ms": 500, "policy": {"metric": "flow_in", "comparator": ">", "threshold": "flow_out", "duration_ms": 500, "hysteresis_pct": 0.0, "cooldown_ms": 0}, "samples": [{"t_ms": 0, "value": 148.94426423241538, "consecutive": 0}, {"t_ms": 500, "value": 148.05699905147966, "consecutive": 0}, {"t_ms": 1000, "value": 148.77340785362824, "consecutive": 0}, {"t_ms": 1500, "value": 148.32424847859022, "consecutive": 0}, {"t_ms": 2000, "value": 149.12815720500018, "consecutive": 0}, {"t_ms": 2500, "value": 151.47182433671676, "consecutive": 0}, {"t_ms": 3000, "value": 149.42751984109375, "consecutive": 0}, {"t_ms": 3500, "value": 148.64481857852002, "consecutive": 0}, {"t_ms": 4000, "value": 149.62106273190292, "consecutive": 0}, {"t_ms": 4500, "value": 148.62487186767498, "consecutive": 0}, {"t_ms": 5000, "value": 185.0, "consecutive": 0}, {"t_ms": 5500, "value": 185.0, "consecutive": 0}, {"t_ms": 6000, "value": 185.0, "consecutive": 0}, {"t_ms": 6500, "value": 185.0, "consecutive": 0}, {"t_ms": 7000, "value": 185.0, "consecutive": 0}, {"t_ms": 7500, "value": 185.0, "consecutive": 0}, {"t_ms": 8000, "value": 185.0, "consecutive": 0}, {"t_ms": 8500, "value": 185.0, "consecutive": 0}, {"t_ms": 9000, "value": 185.0, "consecutive": 0}, {"t_ms": 9500, "value": 185.0, "consecutive": 0}, {"t_ms": 10000, "value": 185.0, "consecutive": 0}, {"t_ms": 10500, "value": 185.0, "consecutive": 0}, {"t_ms": 11000, "value": 185.0, "consecutive": 0}, {"t_ms": 11500, "value": 185.0, "consecutive": 0}, {"t_ms": 12000, "value": 185.0, "consecutive": 0}, {"t_ms": 12500, "value": 185.0, "consecutive": 0}, {"t_ms": 13000, "value": 185.0, "consecutive": 0}, {"t_ms": 13500, "value": 185.0, "consecutive": 0}, {"t_ms": 14000, "value": 185.0, "consecutive": 0}, {"t_ms": 14500, "value": 185.0, "consecutive": 0}, {"t_ms": 15000, "value": 185.0, "consecutive": 0}, {"t_ms": 15500, "value": 185.0, "consecutive": 0}, {"t_ms": 16000, "value": 185.0, "consecutive": 0}, {"t_ms": 16500, "value": 185.0, "consecutive": 0}, {"t_ms": 17000, "value": 185.0, "consecutive": 0}, {"t_ms": 17500, "value": 185.0, "consecutive": 0}, {"t_ms": 18000, "value": 185.0, "consecutive": 0}, {"t_ms": 18500, "value": 185.0, "consecutive": 0}, {"t_ms": 19000, "value": 185.0, "consecutive": 0}, {"t_ms": 19500, "value": 185.0, "consecutive": 0}, {"t_ms": 20000, "value": 185.0, "consecutive": 0}, {"t_ms": 20500, "value": 185.0, "consecutive": 0}, {"t_ms": 21000, "value": 185.0, "consecutive": 0}, {"t_ms": 21500, "value": 185.0, "consecutive": 0}, {"t_ms": 22000, "value": 185.0, "consecutive": 0}, {"t_ms": 22500, "value": 185.0, "consecutive": 0}, {"t_ms": 23000, "value": 185.0, "consecutive": 0}, {"t_ms": 23500, "value": 185.0, "consecutive": 0}, {"t_ms": 24000, "value": 185.0, "consecutive": 0}, {"t_ms": 24500, "value": 185.0, "consecutive": 0}], "trigger": null}
