{"device": "Freezer-7", "endpoint": "mqtt://plant/freezer7", "sensor": "temp_c", "period_ms": 1000, "policy": {"metric": "temp_c", "comparator": ">", "threshold": -10.0, "duration_ms": 3000, "hysteresis_pct": 10.0, "cooldown_ms": 30000}, "samples": [{"t_ms": 0, "value": 150.86047501286112, "consecutive": 1}, {"t_ms": 1000, "value": 151.38372459081074, "consecutive": 2}, {"t_ms": 2000, "value": 149.02526541211265, "consecutive": 3}], "trigger": {"t_ms": 2000, "actions": ["on alarm", "publish event \"freezer_temp_high\" with timestamp and value"]}}
